date,thu,tinh,ngay_text,ky_hieu,special,prize1,prize2_1,prize2_2,prize3_1,prize3_2,prize3_3,prize3_4,prize3_5,prize3_6,prize4_1,prize4_2,prize4_3,prize4_4,prize5_1,prize5_2,prize5_3,prize5_4,prize5_5,prize5_6,prize6_1,prize6_2,prize6_3,prize7_1,prize7_2,prize7_3,prize7_4
2020-01-02,Thứ năm,KẾT QUẢ XỔ SỐ Miền Bắc,Ngày: 02/01/2020,9AN-6AN-2AN,4,9,77,82,19,56,76,14,10,18,86,4,69,41,29,1,12,87,82,38,11,31,76,58,34,88,48
2020-01-03,Thứ sáu,KẾT QUẢ XỔ SỐ Miền Bắc,Ngày: 03/01/2020,13AM-8AM-14AM,43,1,58,82,7,6,79,37,86,50,84,73,23,86,38,60,39,30,75,36,63,87,33,82,89,2,37
2020-01-04,Thứ bảy,KẾT QUẢ XỔ SỐ Miền Bắc,Ngày: 04/01/2020,13AL-1AL-10AL,49,19,7,19,79,35,84,20,88,15,98,9,11,97,6,19,61,54,67,99,86,53,20,47,71,70,7
2020-01-05,Chủ nhật,KẾT QUẢ XỔ SỐ Miền Bắc,Ngày: 05/01/2020,13AK-7AK-10AK,21,81,93,73,49,56,64,64,88,70,55,94,95,66,74,12,54,59,8,73,29,62,36,0,43,47,82
2020-01-06,Thứ hai,KẾT QUẢ XỔ SỐ Miền Bắc,Ngày: 06/01/2020,6AH-1AH-5AH,12,16,45,84,25,23,35,69,72,27,46,59,94,43,34,6,14,44,47,70,16,38,84,77,89,23,10
2020-01-07,Thứ ba,KẾT QUẢ XỔ SỐ Miền Bắc,Ngày: 07/01/2020,2AM-1AM-7AM,54,95,30,42,0,71,52,10,71,33,49,72,11,23,87,13,54,67,85,98,69,78,98,16,87,98,28
2020-01-08,Thứ tư,KẾT QUẢ XỔ SỐ Miền Bắc,Ngày: 08/01/2020,6AF-3AF-12AF,4,32,23,49,52,51,2,4,58,64,92,8,3,72,3,83,93,56,5,5,75,13,97,91,71,86,45
2020-01-09,Thứ năm,KẾT QUẢ XỔ SỐ Miền Bắc,Ngày: 09/01/2020,8AE-10AE-1AE,74,90,75,47,74,7,58,47,90,27,36,0,3,75,81,80,61,62,18,30,27,14,47,8,94,70,5
2020-01-10,Thứ sáu,KẾT QUẢ XỔ SỐ Miền Bắc,Ngày: 10/01/2020,14AD-2AD-7AD,96,49,80,32,99,73,30,14,20,86,8,88,38,64,94,48,61,58,86,60,31,50,58,96,22,91,41
2020-01-11,Thứ bảy,KẾT QUẢ XỔ SỐ Miền Bắc,Ngày: 11/01/2020,14AC-11AC-8AC,58,9,89,21,15,7,81,90,37,80,51,77,24,94,91,78,30,6,44,85,76,12,94,35,78,12,8
2020-01-12,Chủ nhật,KẾT QUẢ XỔ SỐ Miền Bắc,Ngày: 12/01/2020,8AB-10AB-4AB,80,46,76,11,58,90,69,40,81,69,15,60,44,42,20,8,29,31,35,59,86,38,57,8,24,53,65
2020-01-13,Thứ hai,KẾT QUẢ XỔ SỐ Miền Bắc,Ngày: 13/01/2020,12BZ-15BZ-9BZ,44,59,4,3,14,56,71,92,49,7,15,28,64,84,57,74,6,42,67,37,7,43,37,11,51,46,20
2020-01-14,Thứ ba,KẾT QUẢ XỔ SỐ Miền Bắc,Ngày: 14/01/2020,15BY-2BY-6BY,64,35,76,67,91,81,65,26,96,70,90,96,69,83,58,17,44,11,88,48,2,12,28,12,18,7,97
2020-01-15,Thứ tư,KẾT QUẢ XỔ SỐ Miền Bắc,Ngày: 15/01/2020,4BX-3BX-11BX,10,88,81,5,77,13,20,74,21,33,91,27,70,40,26,62,22,81,94,89,51,33,1,54,24,84,33
2020-01-16,Thứ năm,KẾT QUẢ XỔ SỐ Miền Bắc,Ngày: 16/01/2020,10BV-12BV-14BV,82,94,70,22,38,50,31,44,81,12,60,20,92,62,91,32,12,99,37,29,89,83,18,93,71,64,19
2020-01-17,Thứ sáu,KẾT QUẢ XỔ SỐ Miền Bắc,Ngày: 17/01/2020,4BU-6BU-16BU-11BU,71,97,47,44,92,20,84,71,10,42,31,47,68,6,71,49,78,2,38,64,46,70,72,74,71,84,28
2020-01-18,Thứ bảy,KẾT QUẢ XỔ SỐ Miền Bắc,Ngày: 18/01/2020,12BT-9BT-5BT,6,18,37,46,80,89,9,42,55,18,51,81,30,37,71,45,98,35,50,74,49,64,1,89,71,59,48
2020-01-19,Chủ nhật,KẾT QUẢ XỔ SỐ Miền Bắc,Ngày: 19/01/2020,12BS-7BS-1BS,21,37,21,36,74,62,39,34,50,51,76,24,21,11,16,5,24,72,71,46,39,28,92,23,11,34,95
2020-01-20,Thứ hai,KẾT QUẢ XỔ SỐ Miền Bắc,Ngày: 20/01/2020,13BR-2BR-9BR,50,59,39,97,33,72,65,97,63,41,51,19,24,11,9,8,19,72,96,32,48,20,76,13,85,37,44
2020-01-21,Thứ ba,KẾT QUẢ XỔ SỐ Miền Bắc,Ngày: 21/01/2020,12BQ-2BQ-14BQ,97,47,2,25,48,58,65,13,63,1,95,72,54,71,40,72,35,19,43,93,17,7,87,61,6,55,85
2020-01-22,Thứ tư,KẾT QUẢ XỔ SỐ Miền Bắc,Ngày: 22/01/2020,20BP-16BP-17BP-19BP,49,83,21,92,31,17,51,94,75,55,29,43,49,70,76,48,11,42,95,78,36,57,98,58,9,30,62
2020-01-28,Thứ ba,KẾT QUẢ XỔ SỐ Miền Bắc,Ngày: 28/01/2020,4BM-3BM-16BM-18BM-17BM-23BM-19BM-9BM-10BM-21BM,40,95,73,63,33,51,68,26,87,59,81,13,40,48,13,29,33,2,46,45,83,7,17,84,90,81,4
2020-01-29,Thứ tư,KẾT QUẢ XỔ SỐ Miền Bắc,Ngày: 29/01/2020,1BL-7BL-2BL-3BL-11BL-10BL,89,83,63,79,25,94,35,2,99,88,63,98,65,77,93,10,15,21,87,74,95,77,20,13,28,15,82
2020-01-30,Thứ năm,KẾT QUẢ XỔ SỐ Miền Bắc,Ngày: 30/01/2020,12BK-15BK-2BK-10BK-14BK-9BK,12,92,58,23,38,5,21,75,4,60,38,45,79,85,83,41,97,41,17,11,89,52,51,65,23,82,34
2020-01-31,Thứ sáu,KẾT QUẢ XỔ SỐ Miền Bắc,Ngày: 31/01/2020,3BH-9BH-14BH-7BH-8BH-15BH,15,64,66,84,12,69,36,15,69,99,38,76,49,75,39,88,43,22,83,51,61,53,51,68,54,29,61
2020-02-01,Thứ bảy,KẾT QUẢ XỔ SỐ Miền Bắc,Ngày: 01/02/2020,3BG-7BG-4BG,30,85,63,68,27,30,46,39,41,75,39,17,1,22,62,99,7,39,32,48,65,25,15,22,71,82,57
2020-02-02,Chủ nhật,KẾT QUẢ XỔ SỐ Miền Bắc,Ngày: 02/02/2020,3BF-11BF-9BF,34,18,66,58,38,73,53,18,63,96,10,16,92,10,5,21,92,72,92,30,81,50,40,40,89,38,11
2020-02-03,Thứ hai,KẾT QUẢ XỔ SỐ Miền Bắc,Ngày: 03/02/2020,9BE-12BE-1BE,7,78,50,57,25,11,78,49,99,79,88,73,91,44,7,49,11,99,25,37,0,11,9,85,30,97,68
2020-02-04,Thứ ba,KẾT QUẢ XỔ SỐ Miền Bắc,Ngày: 04/02/2020,11BD-8BD-10BD,10,99,33,13,73,67,65,61,3,10,92,61,64,73,28,41,32,98,10,95,36,41,59,7,79,54,11
2020-02-05,Thứ tư,KẾT QUẢ XỔ SỐ Miền Bắc,Ngày: 05/02/2020,7BC-13BC-11BC,15,40,62,68,16,62,21,76,42,68,10,74,84,93,67,85,0,5,93,45,86,9,66,94,59,18,97
2020-02-06,Thứ năm,KẾT QUẢ XỔ SỐ Miền Bắc,Ngày: 06/02/2020,12BA-4BA-5BA,75,68,59,39,0,63,96,33,46,17,76,77,9,58,96,86,25,33,52,49,25,80,12,8,12,0,56
2020-02-07,Thứ sáu,KẾT QUẢ XỔ SỐ Miền Bắc,Ngày: 07/02/2020,12CZ-14CZ-13CZ,73,7,39,96,82,28,95,53,26,90,6,72,79,2,74,59,43,48,21,43,18,19,49,40,71,18,12
2020-02-08,Thứ bảy,KẾT QUẢ XỔ SỐ Miền Bắc,Ngày: 08/02/2020,11CY-4CY-2CY-19CY,91,12,88,40,0,56,65,39,81,91,20,31,25,30,2,78,97,71,51,42,54,16,41,15,59,64,52
2020-02-09,Chủ nhật,KẾT QUẢ XỔ SỐ Miền Bắc,Ngày: 09/02/2020,14CX-12CX-1CX,47,43,0,8,81,39,61,23,94,51,78,15,60,68,71,47,92,17,66,9,73,43,17,4,78,48,87
2020-02-10,Thứ hai,KẾT QUẢ XỔ SỐ Miền Bắc,Ngày: 10/02/2020,12CV-13CV-1CV,45,6,19,21,78,84,60,77,62,57,2,59,96,98,41,78,26,1,2,76,84,97,25,69,99,64,83
2020-02-11,Thứ ba,KẾT QUẢ XỔ SỐ Miền Bắc,Ngày: 11/02/2020,2CU-10CU-6CU,96,52,63,5,94,63,96,16,5,54,37,97,11,55,33,64,94,11,36,86,68,94,93,70,3,36,84
2020-02-12,Thứ tư,KẾT QUẢ XỔ SỐ Miền Bắc,Ngày: 12/02/2020,8CT-7CT-9CT,47,97,38,77,48,19,44,54,65,81,96,80,59,49,61,29,55,97,22,64,68,43,62,64,71,47,49
2020-02-13,Thứ năm,KẾT QUẢ XỔ SỐ Miền Bắc,Ngày: 13/02/2020,12CS-8CS-14CS,32,8,23,36,73,34,54,69,30,89,13,31,69,85,22,56,96,77,13,24,28,6,6,5,29,76,7
2020-02-14,Thứ sáu,KẾT QUẢ XỔ SỐ Miền Bắc,Ngày: 14/02/2020,7CR-2CR-11CR,55,2,63,90,4,12,74,69,5,83,41,89,99,83,92,5,25,88,62,44,69,88,21,34,68,33,70
2020-02-15,Thứ bảy,KẾT QUẢ XỔ SỐ Miền Bắc,Ngày: 15/02/2020,10CQ-6CQ-7CQ,17,46,8,27,88,32,78,50,76,43,57,20,51,60,96,63,32,40,48,46,48,40,43,41,30,88,99
2020-02-16,Chủ nhật,KẾT QUẢ XỔ SỐ Miền Bắc,Ngày: 16/02/2020,11CP-10CP-12CP,76,32,49,94,67,84,56,23,89,89,23,33,93,40,78,73,95,77,54,81,5,37,4,49,92,75,51
2020-02-17,Thứ hai,KẾT QUẢ XỔ SỐ Miền Bắc,Ngày: 17/02/2020,8CN-11CN-5CN,17,56,68,70,12,9,90,57,89,49,53,21,77,65,50,4,4,41,78,10,77,70,35,70,42,23,92
2020-02-18,Thứ ba,KẾT QUẢ XỔ SỐ Miền Bắc,Ngày: 18/02/2020,13CM-6CM-5CM,16,33,79,42,75,92,76,73,91,16,53,50,12,9,26,2,1,87,71,73,70,64,3,48,41,40,59
2020-02-19,Thứ tư,KẾT QUẢ XỔ SỐ Miền Bắc,Ngày: 19/02/2020,5CL-1CL-10CL,98,53,35,65,57,73,69,33,60,99,76,11,82,39,10,93,15,17,50,57,45,59,75,85,37,52,50
2020-02-20,Thứ năm,KẾT QUẢ XỔ SỐ Miền Bắc,Ngày: 20/02/2020,9CK-14CK-2CK,4,61,6,36,42,68,89,67,15,14,49,7,44,15,99,55,91,95,48,5,83,94,94,93,31,40,22
2020-02-21,Thứ sáu,KẾT QUẢ XỔ SỐ Miền Bắc,Ngày: 21/02/2020,12CH-8CH-14CH,89,41,78,40,84,1,18,1,61,5,19,5,74,95,29,66,65,62,85,32,74,66,33,57,40,61,67
2020-02-22,Thứ bảy,KẾT QUẢ XỔ SỐ Miền Bắc,Ngày: 22/02/2020,12CG-7CG-3CG,47,40,53,68,99,19,73,34,63,87,86,15,23,76,14,91,34,89,70,95,78,84,57,33,60,62,32
2020-02-23,Chủ nhật,KẾT QUẢ XỔ SỐ Miền Bắc,Ngày: 23/02/2020,8CF-7CF-9CF,44,4,2,40,97,8,78,69,3,75,61,20,7,57,68,76,63,26,75,71,77,65,75,42,73,24,38
2020-02-24,Thứ hai,KẾT QUẢ XỔ SỐ Miền Bắc,Ngày: 24/02/2020,13CE-4CE-11CE,9,6,60,89,49,41,54,70,41,21,50,46,51,13,38,19,34,63,37,37,11,23,35,31,68,80,65
2020-02-25,Thứ ba,KẾT QUẢ XỔ SỐ Miền Bắc,Ngày: 25/02/2020,10CD-14CD-12CD,76,91,79,99,11,39,87,5,87,23,93,79,68,61,40,6,18,42,4,77,48,66,72,50,76,24,36
2020-02-26,Thứ tư,KẾT QUẢ XỔ SỐ Miền Bắc,Ngày: 26/02/2020,2CB-4CB-10CB,46,19,34,14,80,98,82,5,51,12,70,64,16,63,14,91,82,30,87,53,3,10,62,83,96,47,19
2020-02-27,Thứ năm,KẾT QUẢ XỔ SỐ Miền Bắc,Ngày: 27/02/2020,6CA-5CA-8CA,22,43,83,43,52,82,44,77,73,86,12,91,62,82,91,5,0,47,58,20,94,20,60,52,81,7,6
2020-02-28,Thứ sáu,KẾT QUẢ XỔ SỐ Miền Bắc,Ngày: 28/02/2020,6DZ-11DZ-12DZ,82,71,82,55,41,55,96,80,7,88,34,24,15,82,9,70,46,57,39,59,4,23,89,65,98,27,96
2020-02-29,Thứ bảy,KẾT QUẢ XỔ SỐ Miền Bắc,Ngày: 29/02/2020,1DY-5DY-13DY,5,18,66,63,50,38,89,2,22,46,87,33,86,70,68,54,3,26,45,52,15,10,12,94,10,5,1
2020-03-01,Chủ nhật,KẾT QUẢ XỔ SỐ Miền Bắc,Ngày: 01/03/2020,12DX-4DX-14DX,35,77,4,55,88,46,18,16,49,77,72,69,89,11,9,8,15,13,1,60,62,72,47,18,30,81,19
2020-03-02,Thứ hai,KẾT QUẢ XỔ SỐ Miền Bắc,Ngày: 02/03/2020,7DV-9DV-11DV,87,78,65,0,78,56,62,56,15,42,23,82,12,49,77,20,37,18,58,60,47,96,6,85,66,74,94
2020-03-03,Thứ ba,KẾT QUẢ XỔ SỐ Miền Bắc,Ngày: 03/03/2020,6DU-11DU-15DU,23,76,37,28,0,99,25,14,29,54,92,40,26,18,88,10,11,81,53,35,98,58,6,66,16,72,35
2020-03-04,Thứ tư,KẾT QUẢ XỔ SỐ Miền Bắc,Ngày: 04/03/2020,11DT-12DT-9DT,23,41,85,77,83,14,46,79,49,58,97,53,93,8,13,77,24,65,98,4,59,98,54,50,31,38,61
2020-03-05,Thứ năm,KẾT QUẢ XỔ SỐ Miền Bắc,Ngày: 05/03/2020,14DS-9DS-5DS,91,59,51,84,66,5,79,76,38,7,98,93,90,53,66,97,63,80,77,53,83,81,39,33,26,5,4
2020-03-06,Thứ sáu,KẾT QUẢ XỔ SỐ Miền Bắc,Ngày: 06/03/2020,7DR-10DR-6DR,54,73,2,93,32,0,57,3,73,58,38,26,23,11,4,73,88,21,47,98,77,63,57,0,83,71,17
2020-03-07,Thứ bảy,KẾT QUẢ XỔ SỐ Miền Bắc,Ngày: 07/03/2020,12DQ-11DQ-5DQ,68,73,36,44,12,8,99,44,14,56,65,31,3,62,87,30,15,76,77,61,10,58,75,6,83,85,12
2020-03-08,Chủ nhật,KẾT QUẢ XỔ SỐ Miền Bắc,Ngày: 08/03/2020,12DP-3DP-11DP,60,92,42,57,43,77,10,2,94,21,48,85,92,40,95,22,65,35,43,29,61,55,85,3,73,33,53
2020-03-09,Thứ hai,KẾT QUẢ XỔ SỐ Miền Bắc,Ngày: 09/03/2020,4DN-6DN-8DN,73,77,96,88,79,53,78,64,61,6,71,81,2,89,56,79,9,14,37,28,82,61,85,64,80,76,95
2020-03-10,Thứ ba,KẾT QUẢ XỔ SỐ Miền Bắc,Ngày: 10/03/2020,2DM-10DM-11DM,49,29,42,65,64,81,51,51,14,5,7,19,97,79,90,96,64,90,55,14,6,97,71,99,1,17,63
2020-03-11,Thứ tư,KẾT QUẢ XỔ SỐ Miền Bắc,Ngày: 11/03/2020,1DL-12DL-10DL,24,94,80,40,29,50,98,60,25,79,25,59,2,34,29,41,2,26,91,99,45,65,74,45,79,21,11
2020-03-12,Thứ năm,KẾT QUẢ XỔ SỐ Miền Bắc,Ngày: 12/03/2020,10DK-13DK-12DK,51,7,21,93,39,61,94,53,29,62,54,82,32,78,31,98,18,32,21,35,9,21,19,44,56,1,47
2020-03-13,Thứ sáu,KẾT QUẢ XỔ SỐ Miền Bắc,Ngày: 13/03/2020,11DH-2DH-4DH,18,41,87,22,31,24,89,5,40,11,23,19,0,83,84,62,40,0,81,0,52,14,87,92,82,2,99
2020-03-14,Thứ bảy,KẾT QUẢ XỔ SỐ Miền Bắc,Ngày: 14/03/2020,8DG-13DG-9DG,15,9,60,22,28,70,50,16,71,24,90,61,10,72,81,74,5,15,13,99,14,87,21,98,35,2,15
2020-03-15,Chủ nhật,KẾT QUẢ XỔ SỐ Miền Bắc,Ngày: 15/03/2020,10DF-13DF-8DF,1,15,61,73,14,46,37,46,36,86,0,32,51,84,71,88,24,14,15,20,30,98,56,85,10,24,18
2020-03-16,Thứ hai,KẾT QUẢ XỔ SỐ Miền Bắc,Ngày: 16/03/2020,14DE-8DE-15DE,22,57,2,90,63,0,45,56,28,40,86,44,88,34,10,74,24,66,75,15,98,74,58,30,77,0,29
2020-03-17,Thứ ba,KẾT QUẢ XỔ SỐ Miền Bắc,Ngày: 17/03/2020,15DC-7DC-5DC,67,3,49,72,46,69,11,27,35,97,51,84,66,90,43,88,15,38,12,30,82,11,24,93,25,74,65
2020-03-18,Thứ tư,KẾT QUẢ XỔ SỐ Miền Bắc,Ngày: 18/03/2020,6DB-14DB-13DB,89,79,33,53,16,22,72,41,59,64,92,65,94,95,97,18,47,88,0,26,51,94,94,12,54,28,90
2020-03-19,Thứ năm,KẾT QUẢ XỔ SỐ Miền Bắc,Ngày: 19/03/2020,1DA-12DA-7DA,74,72,85,32,74,51,79,51,63,42,27,23,4,6,4,89,63,22,29,67,10,71,12,81,19,36,79
2020-03-20,Thứ sáu,KẾT QUẢ XỔ SỐ Miền Bắc,Ngày: 20/03/2020,8EZ-11EZ-2EZ,36,68,78,94,55,64,16,75,46,42,41,62,68,56,91,91,14,1,6,71,31,74,31,74,73,89,21
2020-03-21,Thứ bảy,KẾT QUẢ XỔ SỐ Miền Bắc,Ngày: 21/03/2020,14EY-11EY-3EY,21,3,98,24,96,15,37,98,72,90,28,43,21,24,14,35,77,51,34,86,12,14,6,91,48,90,26
2020-03-22,Chủ nhật,KẾT QUẢ XỔ SỐ Miền Bắc,Ngày: 22/03/2020,5EX-9EX-4EX,24,60,33,53,52,76,19,95,0,22,13,13,35,27,34,4,58,69,22,72,91,10,17,48,9,87,8
2020-03-23,Thứ hai,KẾT QUẢ XỔ SỐ Miền Bắc,Ngày: 23/03/2020,9EV-11EV-10EV,23,96,63,1,38,15,96,54,74,17,15,52,19,11,75,10,3,57,4,87,51,90,14,56,87,7,93
2020-03-24,Thứ ba,KẾT QUẢ XỔ SỐ Miền Bắc,Ngày: 24/03/2020,10EU-7EU-14EU,78,12,93,59,20,22,77,63,21,74,5,43,31,85,16,88,87,37,65,29,48,98,85,99,42,59,95
2020-03-25,Thứ tư,KẾT QUẢ XỔ SỐ Miền Bắc,Ngày: 25/03/2020,7ET-8ET-2ET,96,43,40,33,82,68,13,73,0,57,64,66,88,37,55,84,45,18,11,82,84,17,73,68,19,21,48
2020-03-26,Thứ năm,KẾT QUẢ XỔ SỐ Miền Bắc,Ngày: 26/03/2020,12ES-11ES-2ES,35,95,48,93,76,13,38,4,95,38,72,3,64,93,12,54,95,58,6,34,10,55,36,6,93,82,80
2020-03-27,Thứ sáu,KẾT QUẢ XỔ SỐ Miền Bắc,Ngày: 27/03/2020,5ER-11ER-3ER,55,57,94,62,67,28,70,48,71,45,78,9,32,79,23,93,44,38,79,84,4,76,11,82,38,99,54
2020-03-28,Thứ bảy,KẾT QUẢ XỔ SỐ Miền Bắc,Ngày: 28/03/2020,2EQ-7EQ-14EQ,59,9,59,79,14,79,91,8,6,46,81,2,37,31,28,63,91,53,95,35,15,58,45,74,3,10,23
2020-03-29,Chủ nhật,KẾT QUẢ XỔ SỐ Miền Bắc,Ngày: 29/03/2020,3EP-6EP-5EP,14,88,92,97,95,9,80,11,37,13,47,89,51,63,97,79,23,83,66,51,42,56,2,24,66,52,88
2020-03-30,Thứ hai,KẾT QUẢ XỔ SỐ Miền Bắc,Ngày: 30/03/2020,12EN-5EN-9EN,2,59,12,9,80,55,63,49,40,67,59,21,43,95,39,93,82,6,76,49,14,95,58,55,94,79,5
2020-03-31,Thứ ba,KẾT QUẢ XỔ SỐ Miền Bắc,Ngày: 31/03/2020,5EM-14EM-10EM,19,79,94,8,68,73,91,70,19,61,84,12,63,15,55,38,57,58,76,85,57,30,89,17,45,96,10
2020-04-23,Thứ năm,KẾT QUẢ XỔ SỐ Miền Bắc,Ngày: 23/04/2020,8FK-9FK-15FK,3,70,18,28,22,3,31,94,86,8,26,90,91,9,6,62,18,23,44,46,95,58,10,32,3,81,8
2020-04-24,Thứ sáu,KẾT QUẢ XỔ SỐ Miền Bắc,Ngày: 24/04/2020,12FH-2FH-4FH,50,37,2,45,50,18,99,81,58,10,69,7,71,71,27,93,18,71,63,61,79,3,61,46,12,49,81
2020-04-25,Thứ bảy,KẾT QUẢ XỔ SỐ Miền Bắc,Ngày: 25/04/2020,1FG-10FG-7FG,25,6,24,87,88,80,19,80,34,98,83,47,98,86,94,68,20,42,78,85,42,60,13,14,40,50,46
2020-04-26,Chủ nhật,KẾT QUẢ XỔ SỐ Miền Bắc,Ngày: 26/04/2020,12FE-9FE-7FE,67,68,98,19,59,93,67,40,22,17,55,6,37,10,84,3,64,6,78,33,95,80,85,8,75,40,42
2020-04-27,Thứ hai,KẾT QUẢ XỔ SỐ Miền Bắc,Ngày: 27/04/2020,15FD-14FD-9FD,61,1,16,87,27,12,45,25,2,56,89,73,90,58,73,88,91,77,60,18,41,62,89,21,91,28,58
2020-04-28,Thứ ba,KẾT QUẢ XỔ SỐ Miền Bắc,Ngày: 28/04/2020,3FC-2FC-8FC,63,6,36,27,36,33,7,22,68,41,80,41,95,72,46,13,73,69,58,70,16,97,31,83,34,49,25
2020-04-29,Thứ tư,KẾT QUẢ XỔ SỐ Miền Bắc,Ngày: 29/04/2020,15FB-8FB-12FB-17FB,98,62,29,33,52,39,73,34,55,62,88,40,72,96,17,60,3,70,64,75,47,58,36,3,72,51,6
2020-04-30,Thứ năm,KẾT QUẢ XỔ SỐ Miền Bắc,Ngày: 30/04/2020,8FA-12FA-15FA,2,83,22,9,5,16,34,18,92,42,71,88,55,75,61,94,33,80,23,72,45,95,32,37,69,19,99
2020-05-01,Thứ sáu,KẾT QUẢ XỔ SỐ Miền Bắc,Ngày: 01/05/2020,13GZ-1GZ-9GZ,66,69,43,72,71,25,99,84,41,98,46,51,95,56,88,94,99,34,85,20,2,98,82,64,68,38,69
2020-05-02,Thứ bảy,KẾT QUẢ XỔ SỐ Miền Bắc,Ngày: 02/05/2020,13GY-6GY-4GY,32,84,34,70,70,55,12,87,0,59,1,18,30,94,31,94,45,23,43,14,52,24,28,99,24,70,46
2020-05-03,Chủ nhật,KẾT QUẢ XỔ SỐ Miền Bắc,Ngày: 03/05/2020,1GX-11GX-3GX,47,7,9,89,54,8,71,57,16,14,28,42,90,18,57,73,39,88,68,63,80,85,74,55,84,15,86
2020-05-04,Thứ hai,KẾT QUẢ XỔ SỐ Miền Bắc,Ngày: 04/05/2020,9GV-11GV-3GV,62,17,84,10,89,29,48,53,79,29,93,91,1,81,22,30,8,83,10,59,67,22,67,79,97,80,22
2020-05-05,Thứ ba,KẾT QUẢ XỔ SỐ Miền Bắc,Ngày: 05/05/2020,9GU-3GU-5GU,72,29,63,98,22,10,42,93,3,93,71,93,37,98,61,80,22,8,88,37,26,71,50,20,37,65,25
2020-05-06,Thứ tư,KẾT QUẢ XỔ SỐ Miền Bắc,Ngày: 06/05/2020,12GT-1GT-11GT,36,45,26,94,68,43,30,84,16,86,35,43,31,72,41,74,29,45,26,20,13,73,13,25,36,53,15
2020-05-07,Thứ năm,KẾT QUẢ XỔ SỐ Miền Bắc,Ngày: 07/05/2020,12GS-8GS-6GS,82,44,1,10,83,56,25,36,13,34,2,71,20,27,66,92,11,17,91,60,16,24,85,16,78,79,8
2020-05-08,Thứ sáu,KẾT QUẢ XỔ SỐ Miền Bắc,Ngày: 08/05/2020,3GR-14GR-9GR,41,17,28,57,55,59,7,54,57,48,4,13,23,79,74,68,74,28,10,3,59,45,7,42,67,86,95
2020-05-09,Thứ bảy,KẾT QUẢ XỔ SỐ Miền Bắc,Ngày: 09/05/2020,12GQ-2GQ-1GQ,70,98,99,37,61,48,95,38,3,25,0,4,34,13,5,25,3,22,22,58,19,41,44,75,25,85,2
2020-05-10,Chủ nhật,KẾT QUẢ XỔ SỐ Miền Bắc,Ngày: 10/05/2020,12GP-14GP-10GP,65,5,80,9,48,54,51,76,46,16,42,2,74,2,89,9,34,80,16,70,52,36,94,22,80,59,44
2020-05-11,Thứ hai,KẾT QUẢ XỔ SỐ Miền Bắc,Ngày: 11/05/2020,12GN-8GN-2GN,19,25,80,76,66,55,64,99,94,48,92,5,68,36,81,16,0,49,39,95,65,65,53,97,43,73,95
2020-05-12,Thứ ba,KẾT QUẢ XỔ SỐ Miền Bắc,Ngày: 12/05/2020,15GM-6GM-10GM,9,93,97,29,61,42,24,52,80,76,44,12,42,18,61,46,68,0,85,33,25,27,88,33,22,62,35
2020-05-13,Thứ tư,KẾT QUẢ XỔ SỐ Miền Bắc,Ngày: 13/05/2020,2GL-6GL-5GL,95,63,68,72,64,37,26,3,20,85,88,21,11,77,42,72,21,2,81,88,33,48,55,50,63,39,17
2020-05-14,Thứ năm,KẾT QUẢ XỔ SỐ Miền Bắc,Ngày: 14/05/2020,10GK-9GK-7GK,63,43,75,46,7,45,83,71,65,67,77,71,74,72,93,45,4,46,28,42,81,78,24,15,44,90,12
2020-05-15,Thứ sáu,KẾT QUẢ XỔ SỐ Miền Bắc,Ngày: 15/05/2020,6GH-3GH-1GH,95,38,31,59,8,17,40,69,33,1,12,47,31,8,78,7,41,61,95,41,37,7,56,93,79,22,73
2020-05-16,Thứ bảy,KẾT QUẢ XỔ SỐ Miền Bắc,Ngày: 16/05/2020,5GF-12GF-13GF,46,78,61,30,75,65,35,36,51,75,71,13,8,92,30,79,45,72,28,82,11,51,28,24,44,23,52
2020-05-17,Chủ nhật,KẾT QUẢ XỔ SỐ Miền Bắc,Ngày: 17/05/2020,14GE-12GE-2GE,80,64,35,34,85,83,81,47,93,34,54,80,97,40,23,35,72,15,76,23,18,96,87,30,40,88,38
2020-05-18,Thứ hai,KẾT QUẢ XỔ SỐ Miền Bắc,Ngày: 18/05/2020,13GD-12GD-11GD,54,63,49,49,68,16,11,84,34,42,76,67,11,15,52,90,42,74,96,16,83,10,79,35,3,46,42
2020-05-19,Thứ ba,KẾT QUẢ XỔ SỐ Miền Bắc,Ngày: 19/05/2020,15GC-6GC-2GC,0,15,92,34,90,55,57,0,97,57,26,10,55,64,35,44,37,25,26,49,39,79,55,75,13,43,4
2020-05-20,Thứ tư,KẾT QUẢ XỔ SỐ Miền Bắc,Ngày: 20/05/2020,3GB-15GB-14GB,65,85,41,64,10,76,58,51,84,98,5,61,68,73,59,8,63,7,42,43,12,39,37,88,5,28,12
2020-05-21,Thứ năm,KẾT QUẢ XỔ SỐ Miền Bắc,Ngày: 21/05/2020,11GA-14GA-1GA,38,2,74,41,71,68,77,79,1,14,57,62,63,79,21,69,51,10,38,26,22,94,24,60,94,32,54
2020-05-22,Thứ sáu,KẾT QUẢ XỔ SỐ Miền Bắc,Ngày: 22/05/2020,1HZ-7HZ-14HZ,98,82,18,8,50,97,98,81,51,40,82,36,39,12,77,67,42,25,41,84,26,98,37,78,93,87,66
2020-05-23,Thứ bảy,KẾT QUẢ XỔ SỐ Miền Bắc,Ngày: 23/05/2020,7HY-11HY-9HY,91,31,93,25,39,2,1,15,9,97,77,76,70,81,37,84,39,6,93,2,24,84,11,71,58,81,77
2020-05-24,Chủ nhật,KẾT QUẢ XỔ SỐ Miền Bắc,Ngày: 24/05/2020,3HX-6HX-13HX,79,31,86,82,65,48,56,91,15,95,37,32,36,14,83,87,46,50,83,85,82,48,14,22,57,12,19
2020-05-25,Thứ hai,KẾT QUẢ XỔ SỐ Miền Bắc,Ngày: 25/05/2020,12HV-8HV-15HV,11,14,17,47,10,31,85,75,11,60,47,53,39,0,85,43,24,87,11,41,24,53,20,99,12,78,64
2020-05-26,Thứ ba,KẾT QUẢ XỔ SỐ Miền Bắc,Ngày: 26/05/2020,14HU-12HU-11HU,54,31,51,24,88,61,64,79,44,48,74,89,15,94,69,1,82,9,65,97,51,55,10,71,50,0,61
2020-05-27,Thứ tư,KẾT QUẢ XỔ SỐ Miền Bắc,Ngày: 27/05/2020,8HT-13HT-10HT,61,3,7,10,55,5,60,51,84,74,73,56,14,98,10,43,73,30,22,64,75,87,62,48,68,91,39
2020-05-28,Thứ năm,KẾT QUẢ XỔ SỐ Miền Bắc,Ngày: 28/05/2020,3HS-9HS-11HS,13,78,44,87,87,34,62,78,58,87,92,55,3,19,94,89,81,63,80,63,92,42,13,45,10,50,71
2020-05-29,Thứ sáu,KẾT QUẢ XỔ SỐ Miền Bắc,Ngày: 29/05/2020,1HR-11HR-13HR,54,63,11,58,54,80,97,18,57,25,0,78,19,83,56,19,31,76,36,66,38,98,39,17,18,73,62
2020-05-30,Thứ bảy,KẾT QUẢ XỔ SỐ Miền Bắc,Ngày: 30/05/2020,7HQ-15HQ-3HQ,64,26,50,15,65,22,40,32,71,24,12,40,45,45,9,22,69,2,95,72,80,81,88,80,17,44,75
2020-05-31,Chủ nhật,KẾT QUẢ XỔ SỐ Miền Bắc,Ngày: 31/05/2020,9HP-15HP-4HP,34,66,94,25,33,49,46,51,31,81,41,21,38,47,82,69,43,64,34,52,43,79,59,48,17,77,61
2020-06-01,Thứ hai,KẾT QUẢ XỔ SỐ Miền Bắc,Ngày: 01/06/2020,2HN-6HN-1HN,23,33,66,61,49,64,13,76,88,77,8,27,78,43,29,68,13,8,98,20,91,61,88,59,3,51,52
